<?xml version="1.0" encoding="UTF-8"?>
<!DOCTYPE manifest
  SYSTEM "manifest.dtd">
<manifest><!--Repacked at Fri Sep 23 10:46:51 PDT 2016-->
   <articleBundle>
      <article main-entry="pbio.0030038.XML"
               uri="info:doi/10.1371/journal.pbio.0030038">
         <representation entry="pbio.0030038.XML" name="XML"/>
         <representation entry="pbio.0030038.PDF" name="PDF"/>
      </article>
      <object uri="info:doi/10.1371/journal.pbio.0030038.g001">
         <representation entry="pbio.0030038.g001.PNG_L" name="PNG_L"/>
         <representation entry="pbio.0030038.g001.PNG_M" name="PNG_M"/>
         <representation entry="pbio.0030038.g001.PNG_S" name="PNG_S"/>
         <representation entry="pbio.0030038.g001.TIF" name="TIF"/>
         <representation entry="pbio.0030038.g001.PNG_I" name="PNG_I"/>
      </object>
      <object uri="info:doi/10.1371/journal.pbio.0030038.t001">
         <representation entry="pbio.0030038.t001.PNG_L" name="PNG_L"/>
         <representation entry="pbio.0030038.t001.PNG_M" name="PNG_M"/>
         <representation entry="pbio.0030038.t001.PNG_S" name="PNG_S"/>
         <representation entry="pbio.0030038.t001.TIF" name="TIF"/>
         <representation entry="pbio.0030038.t001.PNG_I" name="PNG_I"/>
      </object>
      <object uri="info:doi/10.1371/journal.pbio.0030038.t002">
         <representation entry="pbio.0030038.t002.PNG_L" name="PNG_L"/>
         <representation entry="pbio.0030038.t002.PNG_M" name="PNG_M"/>
         <representation entry="pbio.0030038.t002.PNG_S" name="PNG_S"/>
         <representation entry="pbio.0030038.t002.TIF" name="TIF"/>
         <representation entry="pbio.0030038.t002.PNG_I" name="PNG_I"/>
      </object>
      <object uri="info:doi/10.1371/journal.pbio.0030038.g002">
         <representation entry="pbio.0030038.g002.PNG_L" name="PNG_L"/>
         <representation entry="pbio.0030038.g002.PNG_M" name="PNG_M"/>
         <representation entry="pbio.0030038.g002.PNG_S" name="PNG_S"/>
         <representation entry="pbio.0030038.g002.TIF" name="TIF"/>
         <representation entry="pbio.0030038.g002.PNG_I" name="PNG_I"/>
      </object>
      <object uri="info:doi/10.1371/journal.pbio.0030038.t003">
         <representation entry="pbio.0030038.t003.PNG_L" name="PNG_L"/>
         <representation entry="pbio.0030038.t003.PNG_M" name="PNG_M"/>
         <representation entry="pbio.0030038.t003.PNG_S" name="PNG_S"/>
         <representation entry="pbio.0030038.t003.TIF" name="TIF"/>
         <representation entry="pbio.0030038.t003.PNG_I" name="PNG_I"/>
      </object>
      <object uri="info:doi/10.1371/journal.pbio.0030038.t004">
         <representation entry="pbio.0030038.t004.PNG_L" name="PNG_L"/>
         <representation entry="pbio.0030038.t004.PNG_M" name="PNG_M"/>
         <representation entry="pbio.0030038.t004.PNG_S" name="PNG_S"/>
         <representation entry="pbio.0030038.t004.TIF" name="TIF"/>
         <representation entry="pbio.0030038.t004.PNG_I" name="PNG_I"/>
      </object>
      <object uri="info:doi/10.1371/journal.pbio.0030038.g003">
         <representation entry="pbio.0030038.g003.PNG_L" name="PNG_L"/>
         <representation entry="pbio.0030038.g003.PNG_M" name="PNG_M"/>
         <representation entry="pbio.0030038.g003.PNG_S" name="PNG_S"/>
         <representation entry="pbio.0030038.g003.TIF" name="TIF"/>
         <representation entry="pbio.0030038.g003.PNG_I" name="PNG_I"/>
      </object>
      <object uri="info:doi/10.1371/journal.pbio.0030038.t005">
         <representation entry="pbio.0030038.t005.PNG_L" name="PNG_L"/>
         <representation entry="pbio.0030038.t005.PNG_M" name="PNG_M"/>
         <representation entry="pbio.0030038.t005.PNG_S" name="PNG_S"/>
         <representation entry="pbio.0030038.t005.TIF" name="TIF"/>
         <representation entry="pbio.0030038.t005.PNG_I" name="PNG_I"/>
      </object>
      <object uri="info:doi/10.1371/journal.pbio.0030038.g004">
         <representation entry="pbio.0030038.g004.PNG_L" name="PNG_L"/>
         <representation entry="pbio.0030038.g004.PNG_M" name="PNG_M"/>
         <representation entry="pbio.0030038.g004.PNG_S" name="PNG_S"/>
         <representation entry="pbio.0030038.g004.TIF" name="TIF"/>
         <representation entry="pbio.0030038.g004.PNG_I" name="PNG_I"/>
      </object>
      <object uri="info:doi/10.1371/journal.pbio.0030038.g005">
         <representation entry="pbio.0030038.g005.PNG_L" name="PNG_L"/>
         <representation entry="pbio.0030038.g005.PNG_M" name="PNG_M"/>
         <representation entry="pbio.0030038.g005.PNG_S" name="PNG_S"/>
         <representation entry="pbio.0030038.g005.TIF" name="TIF"/>
         <representation entry="pbio.0030038.g005.PNG_I" name="PNG_I"/>
      </object>
      <object uri="info:doi/10.1371/journal.pbio.0030038.g006">
         <representation entry="pbio.0030038.g006.PNG_L" name="PNG_L"/>
         <representation entry="pbio.0030038.g006.PNG_M" name="PNG_M"/>
         <representation entry="pbio.0030038.g006.PNG_S" name="PNG_S"/>
         <representation entry="pbio.0030038.g006.TIF" name="TIF"/>
         <representation entry="pbio.0030038.g006.PNG_I" name="PNG_I"/>
      </object>
      <object uri="info:doi/10.1371/journal.pbio.0030038.g007">
         <representation entry="pbio.0030038.g007.PNG_L" name="PNG_L"/>
         <representation entry="pbio.0030038.g007.PNG_M" name="PNG_M"/>
         <representation entry="pbio.0030038.g007.PNG_S" name="PNG_S"/>
         <representation entry="pbio.0030038.g007.TIF" name="TIF"/>
         <representation entry="pbio.0030038.g007.PNG_I" name="PNG_I"/>
      </object>
      <object uri="info:doi/10.1371/journal.pbio.0030038.g008">
         <representation entry="pbio.0030038.g008.PNG_L" name="PNG_L"/>
         <representation entry="pbio.0030038.g008.PNG_M" name="PNG_M"/>
         <representation entry="pbio.0030038.g008.PNG_S" name="PNG_S"/>
         <representation entry="pbio.0030038.g008.TIF" name="TIF"/>
         <representation entry="pbio.0030038.g008.PNG_I" name="PNG_I"/>
      </object>
      <object uri="info:doi/10.1371/journal.pbio.0030038.t006">
         <representation entry="pbio.0030038.t006.PNG_L" name="PNG_L"/>
         <representation entry="pbio.0030038.t006.PNG_M" name="PNG_M"/>
         <representation entry="pbio.0030038.t006.PNG_S" name="PNG_S"/>
         <representation entry="pbio.0030038.t006.TIF" name="TIF"/>
         <representation entry="pbio.0030038.t006.PNG_I" name="PNG_I"/>
      </object>
      <object uri="info:doi/10.1371/journal.pbio.0030038.g009">
         <representation entry="pbio.0030038.g009.PNG_L" name="PNG_L"/>
         <representation entry="pbio.0030038.g009.PNG_M" name="PNG_M"/>
         <representation entry="pbio.0030038.g009.PNG_S" name="PNG_S"/>
         <representation entry="pbio.0030038.g009.TIF" name="TIF"/>
         <representation entry="pbio.0030038.g009.PNG_I" name="PNG_I"/>
      </object>
      <object strkImage="True" uri="info:doi/10.1371/journal.pbio.0030038.g010">
         <representation entry="pbio.0030038.g010.PNG_L" name="PNG_L"/>
         <representation entry="pbio.0030038.g010.PNG_M" name="PNG_M"/>
         <representation entry="pbio.0030038.g010.PNG_S" name="PNG_S"/>
         <representation entry="pbio.0030038.g010.TIF" name="TIF"/>
         <representation entry="pbio.0030038.g010.PNG_I" name="PNG_I"/>
      </object>
      <object uri="info:doi/10.1371/journal.pbio.0030038.sg001">
         <representation entry="pbio.0030038.sg001.EPS" name="EPS"/>
      </object>
      <object uri="info:doi/10.1371/journal.pbio.0030038.sg002">
         <representation entry="pbio.0030038.sg002.ZIP" name="ZIP"/>
      </object>
      <object uri="info:doi/10.1371/journal.pbio.0030038.sg003">
         <representation entry="pbio.0030038.sg003.ZIP" name="ZIP"/>
      </object>
      <object uri="info:doi/10.1371/journal.pbio.0030038.sg004">
         <representation entry="pbio.0030038.sg004.EPS" name="EPS"/>
         <representation entry="pbio.0030038.sg004.ZIP" name="ZIP"/>
      </object>
      <object uri="info:doi/10.1371/journal.pbio.0030038.sg005">
         <representation entry="pbio.0030038.sg005.EPS" name="EPS"/>
         <representation entry="pbio.0030038.sg005.ZIP" name="ZIP"/>
      </object>
      <object uri="info:doi/10.1371/journal.pbio.0030038.sg006">
         <representation entry="pbio.0030038.sg006.ZIP" name="ZIP"/>
      </object>
      <object uri="info:doi/10.1371/journal.pbio.0030038.sg007">
         <representation entry="pbio.0030038.sg007.ZIP" name="ZIP"/>
      </object>
      <object uri="info:doi/10.1371/journal.pbio.0030038.sg008">
         <representation entry="pbio.0030038.sg008.PDF" name="PDF"/>
         <representation entry="pbio.0030038.sg008.ZIP" name="ZIP"/>
      </object>
      <object uri="info:doi/10.1371/journal.pbio.0030038.sg009">
         <representation entry="pbio.0030038.sg009.PDF" name="PDF"/>
         <representation entry="pbio.0030038.sg009.ZIP" name="ZIP"/>
      </object>
      <object uri="info:doi/10.1371/journal.pbio.0030038.st001">
         <representation entry="pbio.0030038.st001.XLS" name="XLS"/>
      </object>
      <object uri="info:doi/10.1371/journal.pbio.0030038.st002">
         <representation entry="pbio.0030038.st002.XLS" name="XLS"/>
      </object>
      <object uri="info:doi/10.1371/journal.pbio.0030038.st003">
         <representation entry="pbio.0030038.st003.XLS" name="XLS"/>
      </object>
      <object uri="info:doi/10.1371/journal.pbio.0030038.st004">
         <representation entry="pbio.0030038.st004.XLS" name="XLS"/>
      </object>
   </articleBundle>
</manifest>
